{"cameraMode":{"drawMode":2,"name":"Shaded Wireframe","section":"Shading Mode"},"sceneLighting":true,"audioPlay":false,"sceneViewState":{"showFog":true,"showMaterialUpdate":true,"showSkybox":true,"showFlares":true,"showImageEffects":true,"showParticleSystems":true},"in2DMode":false,"pivot":{"x":60.46025085449219,"y":34.645729064941409,"z":5.829898834228516},"rotation":{"x":-0.02945779450237751,"y":0.4665759205818176,"z":-0.015548303723335266,"w":-0.8838537335395813},"size":121.2363510131836,"orthographic":false}