{"cameraMode":{"drawMode":2,"name":"Shaded Wireframe","section":"Shading Mode"},"sceneLighting":true,"audioPlay":false,"sceneViewState":{"showFog":true,"showMaterialUpdate":true,"showSkybox":true,"showFlares":true,"showImageEffects":true,"showParticleSystems":true},"in2DMode":false,"pivot":{"x":61.76024627685547,"y":0.32684123516082766,"z":-14.753096580505371},"rotation":{"x":-0.5738025903701782,"y":-0.06273883581161499,"z":0.044152211397886279,"w":-0.8153926134109497},"size":6.223699569702148,"orthographic":false}